<?xml version="1.0" encoding="UTF-8"?>
<project-private xmlns="http://www.netbeans.org/ns/project-private/1">
    <editor-bookmarks xmlns="http://www.netbeans.org/ns/editor-bookmarks/2" lastBookmarkId="0"/>
    <open-files xmlns="http://www.netbeans.org/ns/projectui-open-files/2">
        <group>
            <file>file:/E:/trash/Desktop/User/src/user/FXMLERROR.fxml</file>
            <file>file:/E:/trash/Desktop/User/src/user/FXMLDocumentController.java</file>
            <file>file:/E:/trash/Desktop/User/src/user/Server.java</file>
            <file>file:/E:/trash/Desktop/User/src/user/FXMLChat.fxml</file>
            <file>file:/E:/trash/Desktop/User/src/user/User.java</file>
        </group>
    </open-files>
</project-private>
